X,prime_power_exponent,contribution_sum_M_floor_x_over_p_power
1048576,1,-8029
1048576,2,-28
1048576,3,-46
1048576,4,-18
1048576,5,18
1048576,6,-28
1048576,7,14
1048576,8,-19
1048576,9,4
1048576,10,-6
1048576,11,-6
1048576,12,0
1048576,13,-2
1048576,14,-1
1048576,15,-4
1048576,16,-1
1048576,17,-2
1048576,18,-1
1048576,19,0
1048576,20,1
4194304,1,-24112
4194304,2,232
4194304,3,-210
4194304,4,-3
4194304,5,-41
4194304,6,15
4194304,7,17
4194304,8,-34
4194304,9,21
4194304,10,-22
4194304,11,5
4194304,12,-6
4194304,13,-4
4194304,14,-1
4194304,15,-2
4194304,16,-1
4194304,17,-4
4194304,18,-1
4194304,19,-2
4194304,20,-1
4194304,21,0
4194304,22,1
16777216,1,-75803
16777216,2,-89
16777216,3,-575
16777216,4,191
16777216,5,-60
16777216,6,-13
16777216,7,-18
16777216,8,5
16777216,9,25
16777216,10,-37
16777216,11,23
16777216,12,-23
16777216,13,6
16777216,14,-5
16777216,15,-3
16777216,16,-1
16777216,17,-2
16777216,18,-1
16777216,19,-4
16777216,20,-1
16777216,21,-2
16777216,22,-1
16777216,23,0
16777216,24,1
